{"mean":{"confidence_interval":{"confidence_level":0.95,"lower_bound":-0.9996441604111116,"upper_bound":-0.9996247652565753},"point_estimate":-0.9996340463418161,"standard_error":4.803634599646915e-6},"median":{"confidence_interval":{"confidence_level":0.95,"lower_bound":-0.999629875425545,"upper_bound":-0.9996217296359197},"point_estimate":-0.9996270927580285,"standard_error":2.120050319694757e-6}}