{"mean":{"confidence_interval":{"confidence_level":0.95,"lower_bound":-0.03515733871161138,"upper_bound":0.05911452403171362},"point_estimate":0.010923650246039918,"standard_error":0.024061538546270224},"median":{"confidence_interval":{"confidence_level":0.95,"lower_bound":-0.018428858104061474,"upper_bound":0.060736434688927865},"point_estimate":0.019442370421749677,"standard_error":0.01972730064382314}}