{"mean":{"confidence_interval":{"confidence_level":0.95,"lower_bound":-0.0179153851849866,"upper_bound":-0.009463022646664399},"point_estimate":-0.013606260932231384,"standard_error":0.0021351739440194166},"median":{"confidence_interval":{"confidence_level":0.95,"lower_bound":-0.01755381794482669,"upper_bound":-0.00833835500056268},"point_estimate":-0.012878746797551188,"standard_error":0.0023384765907501783}}