{"mean":{"confidence_interval":{"confidence_level":0.95,"lower_bound":-0.999979309768352,"upper_bound":-0.9999790511863007},"point_estimate":-0.9999791681260735,"standard_error":6.626396604101347e-8},"median":{"confidence_interval":{"confidence_level":0.95,"lower_bound":-0.9999791389564221,"upper_bound":-0.9999789846689628},"point_estimate":-0.9999790628242734,"standard_error":4.090000079198204e-8}}