{"mean":{"confidence_interval":{"confidence_level":0.95,"lower_bound":-0.9985757116223487,"upper_bound":-0.9984932272543442},"point_estimate":-0.998529972919788,"standard_error":0.00002199884462445205},"median":{"confidence_interval":{"confidence_level":0.95,"lower_bound":-0.9985377762059873,"upper_bound":-0.998494846060166},"point_estimate":-0.9985223607487491,"standard_error":0.000010886843361325771}}