{"mean":{"confidence_interval":{"confidence_level":0.95,"lower_bound":-0.9999965373558819,"upper_bound":-0.9999965173243346},"point_estimate":-0.9999965270084034,"standard_error":5.151571138626295e-9},"median":{"confidence_interval":{"confidence_level":0.95,"lower_bound":-0.9999965362596395,"upper_bound":-0.9999965113713981},"point_estimate":-0.9999965248958945,"standard_error":6.354453691139832e-9}}